,word,sentence,pos_tag,counts
0,covid,alright guy want make trip pact cuz iatmm summer covid vaccin safe peopl arenatmt suffer bell palsi side effect,NN,1
1,covid,amoderna expect covid vaccin protect uk coronaviru variant reutersa,NN,1
2,covid,ano covid relat death covid case requir medic intervent occur day postvaccin among particip age year older medic comorbid vaccin groupa,NN,1
3,covid,ano covid relat death covid case requir medic intervent occur day postvaccin among particip age year older medic comorbid vaccin groupa,NNP,1
4,covid,ask answer check updat north carolina covid vaccin faq,NNP,1
5,covid,az scheint gut zu wirken afirst dose bntb vaccin associ vaccin effect covid relat hospitalis day postvaccin vaccin effect time interv chadox vaccin,NNP,1
6,covid,b poll plan receiv type covid vaccin covidvaccin,NN,1
7,covid,babi vaccin new studi suggest pfizer covid vaccin work mom,NN,1
8,covid,bell palsi convent medicin say caus unknown go away time there grow evid caus vaccin especi flu covid pharmaceut industri seem interest investig wonder bellspalsi,NN,1
9,covid,bobwacht peter mark explain chang dose vaccin regimen dose immun respons could dwindl faster know happen know alreadi peopl get mild covid tend lose immun respons pretti quickli min mark,NN,1
10,covid,brazilian health regul anvisa said chines health author transpar experiment covid vaccin,NN,1
11,covid,british medic journal editori covid vaccin efficaci vaccin studi determin whether interrupt transmiss viru,NNP,1
12,covid,californiaatm state epidemiologist urg covid vaccin provid paus distribut one moderna vaccin lot investig ahigh usuala number allerg reaction,NNP,1
13,covid,censor doctor genet modifi u covid vaccin,NNP,1
14,covid,citynew unaccept understand need certain vaccin rush thoroughli test version forc anyon threat repercuss know side effect vaccin could bad wors covid,VB,1
15,covid,cjsienna lynnbrittney trusttruth lindsaypuppyd covid singl vaccin dose lead greater risk new coronaviru variant south african expert warn variant thought respons infect south africa alreadi found uk,NNP,1
16,covid,coronavaccin govt want peopl trust vaccin efficaci shekhargupta jhasanjay hundr die covid infect includ gujarat talli report,NN,1
17,covid,covid singl vaccin dose lead greater risk new coronaviru variant south african expert warn skynew,NN,1
18,covid,covid vaccin alon end pandem take question expert wftv tonight kraywftva vecholswftva meganwftv,NN,1
19,covid,covid vaccin bring infect show israela studi,NN,1
20,covid,covid vaccin commun handbook aim fight misinform demonstr vaccin safe effect put togeth renown team scientif expert rang disciplin here thread may interest cddftnh colleagu,NN,1
21,covid,covid vaccin fake donatmt take,NN,1
22,covid,covid vaccin like benefici breastf babi question remain via kpbsnew,NN,1
23,covid,covid vaccin protect viru outweigh potenti allergi risk expert say cbc,NN,1
24,covid,covid vaccin safeti efficaci import brand adoctor,NN,1
25,covid,covid vaccin whatatm evid extend dose interv bmj grate interpret read oxford vaccin better efficaci dose wk pfizer dose must le week correct,NN,1
26,covid,covid vaccinesatm trial done long period enough pa efficaci safeti protocol normal appli vaccin commun leader need provid accur inform constitu scientist pleas help,NN,1
27,covid,covidlong longcovid anaphylaxi troublesom year problem ade cv vaccin covid vaccin design elicit neutral antibodi may sensit vaccin recipi sever diseas vaccin,NN,1
28,covid,cp implor everyon read look well known safe altern vaccin call ivermectin sever case studi around world shown recoveri rate ill covid ivermectin also work prevent,NN,1
29,covid,dad demand answer health worker daughter die two day covid vaccin,NN,1
30,covid,data pertain trial made public expert covid vaccin choic,NN,1
31,covid,davek mention earlier tweet learn covid vaccin adapt evolv franc st countri give do vaccin person alreadi covid one inject booster,NN,2
32,covid,death associ new covid vaccin misinform time honesti pharmaceut medic establishmenthttpstcobjyveha,NNP,1
33,covid,decemb unit state seen six case anaphylaxi among peopl receiv covid vaccin accord recent present thoma clark u center diseas control prevent cdc unit kingdom record two,NNP,1
34,covid,differ efficaci data chines covid vaccin real validmedia yahoo news,NNP,1
35,covid,dr anthoni fauci top infecti diseas specialist unit state say pfizerbiontech moderna vaccin effect could crush covid pandem spoke white coat black art host dr brian goldman,NNP,1
36,covid,dr kevin covid vaccin anoth strain coronaviru influenza,NNP,1
37,covid,ever notic announc yesterday decemb th great vaccin protect covid effect took le year develop yet still cure cancer year,NN,1
38,covid,first shot florida teen start covid vaccin trial journey,NN,1
39,covid,gener offer alway tune profsuperjunior help queri concern etc peopl may covid vaccin right contact access right inform know find alreadi post v use inform ty gabriel,VB,1
40,covid,get covid vaccin sinc beij begin inocul seriou side effect observ among vaccin receiv spokesperson municip health commiss told press brief covid,NN,1
41,covid,get covid vaccin sinc beij begin inocul seriou side effect observ among vaccin receiv spokesperson municip health commiss told press brief covid,NNP,1
42,covid,get vaccin danger unless sever allergi dont dingu wear mask get vaccin asap high percentag frontlin worker refus take covid vaccin mani cite polit reason via googlenew,NN,1
43,covid,heathdonsmcgreg mfwitch itatm good skeptic point claim two vaccin hold fda approv good enough chanc possibl side effect show road v chanc covid right balanc ymmv,NN,1
44,covid,hello amalia valid point sudden switch prioritis inocul vaccin data stop asymptomat spread viru extent prevent peopl develop sever covid hq biontech mainz germani diana,NN,1
45,covid,highrisk pregnant breastfeed woman get covid vaccin oma cp toronto break news publish canada news medium news,NN,1
46,covid,holi grail vaccin research could blood test show covid vaccin work search,NN,1
47,covid,hour post nd covid vaccin bodi ach headach lowgrad temp shiver would take vaccin heartbeat realli glad vaccin covid moderna,NN,1
48,covid,hour post nd covid vaccin bodi ach headach lowgrad temp shiver would take vaccin heartbeat realli glad vaccin covid moderna,NNP,1
49,covid,interessant video ban youtub dr simon gold share truth covid vaccin,NNP,1
50,covid,involv govern agenc commun join u commun coffe chat fri dec theme covid vaccin insight challeng best practic dm addl info agencywork govit communitybuild eventsprof govmil email address reqd,NNP,1
51,covid,johensley darcyshepherd jeffreyguterman realdonaldtrump differ vaccin differ ingredi take covid second efficaci fine also thevaccin made recombin dna made mrna realli hate peopl spread misinform luciferas enzym vaccin,NN,1
52,covid,johnson johnsonatm oneshot covid vaccin show promis earlystag trial,NNP,1
53,covid,johnwcurti wonder mutat permit vaccin facilit herdimmun time enough peopl immunis andor caught covid surviv herdimmun polici posit last year without vaccineext societ immun danger nonsens,NN,1
54,covid,join u inform session dr kubi covid vaccin safe effect detail follow kubimed kubiweightloss weightlossjourney,NNP,1
55,covid,marcorubio need vaccin mr rubio covid hoax like flu itll disappear april k dead peopl die viru tell get vaccin,NNP,1
56,covid,may remind vaccin caught covid also prevent,NN,1
57,covid,medstar health launch studi understand covid spread symptom vaccin adopt,NN,1
58,covid,mjackermanmdphd hi dr ackerman like know go discu safe covid vaccin lqt patient,NN,1
59,covid,moderna reveal final result covid vaccin,NN,1
60,covid,mohfwindia pmoindia drharshvardhan ashwinikchoubey pibindia mygovindia covidnewsbymib covidindiaseva everyon take covid vaccin protect covid end coronaviru pandem,NN,2
61,covid,must view principl vaccin program control covid via youtub,NN,1
62,covid,mythbust covidvaccin amyth vaccin need covid recov person afact advis receiv complet schedul vaccin despit recoveri covid enhanc immun respons wevaccin unitefightcorona indiafightscorona,NN,1
63,covid,mythbust covidvaccin amyth vaccin need covid recov person afact advis receiv complet schedul vaccin despit recoveri covid enhanc immun respons wevaccin unitefightcorona indiafightscorona,NNP,1
64,covid,nanotechnolog new hazard mrna covid vaccin lipid nanoparticl atmnanoatm particl mani known harm effect,NNP,1
65,covid,nanovaccin institut develop nextgener covid vaccin iowa state univers,NN,1
66,covid,nbaatm dr leroy sim covid vaccin undef,NNP,1
67,covid,new cwmh blog pregnant woman covid vaccin,NN,1
68,covid,new result astrazeneca covid vaccin candid suggest safe effect news,NN,1
69,covid,nice infograph covid vaccin compar unbiasedscipod,NNP,1
70,covid,northern light covid vaccin,NN,1
71,covid,novavax covid vaccin demonstr efficaci ina uk phase trial novavax inc ir site acityofresearcha led way absolut delight news adocjohnwrighta,NNP,1
72,covid,novavax publish posit efficaci data covid vaccin read,NNP,1
73,covid,novavax say covid vaccin effect far le one variant via statnew pharma covid coronaviru vaccin nvax,NN,1
74,covid,novavax say covid vaccin effect far le one variant via statnew pharma covid coronaviru vaccin nvax,NNP,1
75,covid,nqosi posit vaccin expect viru caus covid first attenu weaken point caus diseas activ antibodi introduc antigen sometim immun diseas develop greatpmkgmailcom,NNP,1
76,covid,nvax share premarket co say covid vaccin effect uk trial nvax breakout alert lookout take,NN,1
77,covid,pfizer test booster shot develop adapt vaccin address variant concern covid coronaviru,NN,1
78,covid,question covid vaccin hear medic expert commun leader public health profession ohioatm covid vaccin town hall caresourceemploye,NN,1
79,covid,question covid vaccin hear medic expert commun leader public health profession ohioatm covid vaccin town hall caresourceemploye,NNP,1
80,covid,question remain around strategi curb continu spread covid join u webinar tomorrow noon expert answer question vaccin treatment prevent expect go forward regist,NN,1
81,covid,question work get covid vaccin question answer concern vaccin let u know covid stori found,NN,2
82,covid,risk v benefit know covid vaccin side effect,NN,1
83,covid,rrrbyn covid vaccin use one two human fetal cell line hek kidney cell line wide use research industri come fetu abort perc proprietari cell line own johnson johnson develop fetu abort,NNP,1
84,covid,say vaccin use live viru cannot give someon covid,NN,1
85,covid,see microchip cannot put use covid vaccin plu need bigger largescal track extrem close rang someon track cell phone use spread fals inform stupidli easier,NN,1
86,covid,shandro hinshaw give covid vaccin updat noon,NN,1
87,covid,spent time today look whether covid vaccin do go wast peopl cannot attend appoint etc healthcar staff spoken say problem offer do other short notic,NN,1
88,covid,stop wear mask get covid vaccin answer,NN,1
89,covid,take covid vaccin test subject experiment mrna vaccin test ever,NN,1
90,covid,think twice get covid vaccin,NN,1
91,covid,tonight doctor express concern pregnant woman vaccin covid debunk myth vaccin infertil,NN,1
92,covid,top epidemiologist urg singl do covid vaccin foxnew,NNP,1
93,covid,uhuh ontario govern say incorrectli report covid vaccin data,NN,1
94,covid,updat govern tuesday state covid vaccin also work new variant viru proof current vaccin fail guard sarscov mutant claim uk south africa,NNP,1
95,covid,usfda approv first covid vaccin emerg use vaccin safe effect help u defeat viru extrem confid vaccin particip pfizer vaccin trial,NN,1
96,covid,uwu weseawchew uwg govewn deway administew da second dose pfizew inc covid vaccin said efficaci aftew da fiwst dose,NNP,1
97,covid,vaccin common cold research decad vaccin vaccin flu reserch decad never sure flu vacc appli vaccin covid research test readi rolloutwithin month,NNP,1
98,covid,vernersview anyon provid number peopl may suffer seriou side effect perhap death must take follow number account mani million st do vaccin prove safe vastli safer covid cours,NN,1
99,covid,wear mask keep social distanc wash hand best covid vaccin covidinsa,NN,1
100,covid,week episod covid myth bust mara aspinal debunk sever myth ask listen skeptic around new technolog use vaccin test prefer suscept kid final discuss,NN,1
101,covid,wisconsin pharmacist accus tri destroy covid vaccin admit conspiraci theorist told investig believ covid vaccin safe peopl could harm chang dnaa,NNP,2
102,covid,woman experi side effect covid vaccin covid vaccin side effect common nd dose,NN,2
103,covid,y polli amarach research q concern get covid vaccin ye femal male th januari th novemb,NN,1
104,covid,yjiden michaelbarden covid total scam fool believ whatev govt msm tell obvious fake plandem mask work there thing asymptomat transmiss viru delud myth vaccin harm u,NNP,1
105,covid,youatmr look thorough easytounderstand explan covid vaccin work hint doesnatmt work way flu vaccin one great contain perfect amount swear scientif technolog achiev,NNP,1
106,covidindiaseva,mohfwindia pmoindia drharshvardhan ashwinikchoubey pibindia mygovindia covidnewsbymib covidindiaseva everyon take covid vaccin protect covid end coronaviru pandem,NNP,1
107,covidinsa,wear mask keep social distanc wash hand best covid vaccin covidinsa,NN,1
108,covidlong,covidlong longcovid anaphylaxi troublesom year problem ade cv vaccin covid vaccin design elicit neutral antibodi may sensit vaccin recipi sever diseas vaccin,NNP,1
109,covidnewsbymib,mohfwindia pmoindia drharshvardhan ashwinikchoubey pibindia mygovindia covidnewsbymib covidindiaseva everyon take covid vaccin protect covid end coronaviru pandem,NNP,1
110,covidvaccin,b poll plan receiv type covid vaccin covidvaccin,NNP,1
111,covidvaccin,mythbust covidvaccin amyth vaccin need covid recov person afact advis receiv complet schedul vaccin despit recoveri covid enhanc immun respons wevaccin unitefightcorona indiafightscorona,NNP,1
112,longcovid,covidlong longcovid anaphylaxi troublesom year problem ade cv vaccin covid vaccin design elicit neutral antibodi may sensit vaccin recipi sever diseas vaccin,NNP,1
