Word,POS tag,Tag type
johensley,NNP,PROPN
darcyshepherd,NNP,PROPN
jeffreyguterman,NNP,PROPN
realdonaldtrump,NN,NOUN
differ,VBP,VERB
vaccin,NNS,NOUN
differ,VBP,VERB
ingredi,NNP,PROPN
take,VB,VERB
covid,JJ,ADJ
second,JJ,ADJ
efficaci,NNP,PROPN
fine,NN,NOUN
also,RB,ADV
thevaccin,NNP,PROPN
made,VBD,VERB
recombin,NNP,PROPN
dna,NNP,PROPN
made,VBD,VERB
mrna,NNP,PROPN
realli,NNP,PROPN
hate,NNP,PROPN
peopl,NNP,PROPN
spread,VBD,VERB
misinform,NN,NOUN
luciferas,NNS,NOUN
enzym,VBD,VERB
vaccin,NN,NOUN
may,MD,AUX
remind,VB,VERB
vaccin,NN,NOUN
caught,VBN,VERB
covid,JJ,ADJ
also,RB,ADV
prevent,VB,VERB
mjackermanmdphd,NNP,PROPN
hi,NNP,PROPN
dr,NNP,PROPN
ackerman,NNP,PROPN
like,UH,INTJ
know,UH,INTJ
go,VB,VERB
discu,NNP,PROPN
safe,JJ,ADJ
covid,NN,NOUN
vaccin,VBD,VERB
lqt,JJ,ADJ
patient,NN,NOUN
shandro,NNP,PROPN
hinshaw,NNP,PROPN
give,VBP,VERB
covid,JJ,ADJ
vaccin,NNP,PROPN
updat,NNP,PROPN
noon,NN,NOUN
ever,RB,ADV
notic,JJ,ADJ
announc,JJ,ADJ
yesterday,NN,NOUN
decemb,NN,NOUN
th,XX,X
great,JJ,ADJ
vaccin,NN,NOUN
protect,VB,VERB
covid,JJ,ADJ
effect,NN,NOUN
took,VBD,VERB
le,FW,X
year,NN,NOUN
develop,VB,VERB
yet,RB,ADV
still,RB,ADV
cure,VB,VERB
cancer,NN,NOUN
year,NN,NOUN
covidlong,NNP,PROPN
longcovid,NNP,PROPN
anaphylaxi,NNP,PROPN
troublesom,NNP,PROPN
year,NN,NOUN
problem,NN,NOUN
ade,NNP,PROPN
cv,NNP,PROPN
vaccin,NNP,PROPN
covid,NNP,PROPN
vaccin,VB,VERB
design,NN,NOUN
elicit,JJ,ADJ
neutral,JJ,ADJ
antibodi,NNP,PROPN
may,MD,AUX
sensit,VB,VERB
vaccin,NNP,PROPN
recipi,NN,NOUN
sever,NN,NOUN
diseas,NNS,NOUN
vaccin,VBZ,VERB
b,DT,PRON
poll,NN,NOUN
plan,NN,NOUN
receiv,NN,NOUN
type,NNP,PROPN
covid,NN,NOUN
vaccin,NNP,PROPN
covidvaccin,NNP,PROPN
covid,NNP,PROPN
vaccin,NNP,PROPN
safeti,NNP,PROPN
efficaci,NNP,PROPN
import,NNP,PROPN
brand,NN,NOUN
adoctor,NN,NOUN
hour,NN,NOUN
post,NN,NOUN
nd,NN,NOUN
covid,NNP,PROPN
vaccin,NNP,PROPN
bodi,NNP,PROPN
ach,NNP,PROPN
headach,NNP,PROPN
lowgrad,NNP,PROPN
temp,NNP,PROPN
shiver,NNP,PROPN
would,MD,AUX
take,VB,VERB
vaccin,VB,VERB
heartbeat,NNP,PROPN
realli,NNP,PROPN
glad,JJ,ADJ
vaccin,VBD,VERB
covid,JJ,ADJ
moderna,NN,NOUN
updat,NNP,PROPN
govern,VBP,VERB
tuesday,NNP,PROPN
state,NN,NOUN
covid,NNP,PROPN
vaccin,NN,NOUN
also,RB,ADV
work,VB,VERB
new,JJ,ADJ
variant,JJ,ADJ
viru,NN,NOUN
proof,NN,NOUN
current,JJ,ADJ
vaccin,NNP,PROPN
fail,VB,VERB
guard,NN,NOUN
sarscov,NNP,PROPN
mutant,NNP,PROPN
claim,NNP,PROPN
uk,NNP,PROPN
south,NNP,PROPN
africa,NNP,PROPN
ano,NNP,PROPN
covid,NNP,PROPN
relat,NNP,PROPN
death,NN,NOUN
covid,NN,NOUN
case,NN,NOUN
requir,NNS,NOUN
medic,NN,NOUN
intervent,NN,NOUN
occur,VBP,VERB
day,NN,NOUN
postvaccin,NNP,PROPN
among,IN,ADP
particip,NN,NOUN
age,NN,NOUN
year,NN,NOUN
older,JJR,ADJ
medic,NN,NOUN
comorbid,NN,NOUN
vaccin,VB,VERB
groupa,NN,NOUN
ask,VB,VERB
answer,NN,NOUN
check,NN,NOUN
updat,NNP,PROPN
north,NNP,PROPN
carolina,NNP,PROPN
covid,NNP,PROPN
vaccin,VBD,VERB
faq,NN,NOUN
bobwacht,NNP,PROPN
peter,NNP,PROPN
mark,NNP,PROPN
explain,VBP,VERB
chang,NNP,PROPN
dose,NNP,PROPN
vaccin,NNP,PROPN
regimen,NNP,PROPN
dose,VB,VERB
immun,NN,NOUN
respons,NNS,NOUN
could,MD,AUX
dwindl,VB,VERB
faster,RBR,ADV
know,VB,VERB
happen,VB,VERB
know,NNP,PROPN
alreadi,NN,NOUN
peopl,NN,NOUN
get,VB,VERB
mild,JJ,ADJ
covid,NN,NOUN
tend,VB,VERB
lose,VB,VERB
immun,NNP,PROPN
respons,NNS,NOUN
pretti,NNP,PROPN
quickli,NNP,PROPN
min,NNP,PROPN
mark,NNP,PROPN
nvax,NNP,PROPN
share,NNP,PROPN
premarket,NNP,PROPN
co,PRP,PRON
say,VBP,VERB
covid,NNP,PROPN
vaccin,NNP,PROPN
effect,NN,NOUN
uk,NNP,PROPN
trial,NNP,PROPN
nvax,NNP,PROPN
breakout,NNP,PROPN
alert,NNP,PROPN
lookout,NN,NOUN
take,NN,NOUN
usfda,NNP,PROPN
approv,NNP,PROPN
first,JJ,ADJ
covid,NNP,PROPN
vaccin,VBD,VERB
emerg,NNP,PROPN
use,NN,NOUN
vaccin,VB,VERB
safe,JJ,ADJ
effect,NN,NOUN
help,VB,VERB
u,PRP,PRON
defeat,NN,NOUN
viru,NNP,PROPN
extrem,NNP,PROPN
confid,NNP,PROPN
vaccin,VBD,VERB
particip,NN,NOUN
pfizer,NN,NOUN
vaccin,VB,VERB
trial,NN,NOUN
get,VB,VERB
covid,JJ,ADJ
vaccin,NNP,PROPN
sinc,NNP,PROPN
beij,NNP,PROPN
begin,VB,VERB
inocul,NNP,PROPN
seriou,NNP,PROPN
side,NNP,PROPN
effect,NN,NOUN
observ,NNP,PROPN
among,IN,ADP
vaccin,NNP,PROPN
receiv,NNP,PROPN
spokesperson,NNP,PROPN
municip,NNP,PROPN
health,NNP,PROPN
commiss,NNP,PROPN
told,VBD,VERB
press,NN,NOUN
brief,JJ,ADJ
covid,NN,NOUN
highrisk,NN,NOUN
pregnant,NNP,PROPN
breastfeed,NNP,PROPN
woman,NN,NOUN
get,VB,VERB
covid,JJ,ADJ
vaccin,NNP,PROPN
oma,NNP,PROPN
cp,NNP,PROPN
toronto,NNP,PROPN
break,NNP,PROPN
news,NNP,PROPN
publish,NNP,PROPN
canada,NNP,PROPN
news,NNP,PROPN
medium,NNP,PROPN
news,NN,NOUN
nanovaccin,NNP,PROPN
institut,NNP,PROPN
develop,VBP,VERB
nextgener,NN,NOUN
covid,NN,NOUN
vaccin,NNP,PROPN
iowa,NNP,PROPN
state,NN,NOUN
univers,NNS,NOUN
covid,NNP,PROPN
vaccin,NNP,PROPN
alon,NN,NOUN
end,NNP,PROPN
pandem,NNP,PROPN
take,NN,NOUN
question,NN,NOUN
expert,NN,NOUN
wftv,NN,NOUN
tonight,NN,NOUN
kraywftva,NNP,PROPN
vecholswftva,NNP,PROPN
meganwftv,NN,NOUN
novavax,NNP,PROPN
publish,NNP,PROPN
posit,NNP,PROPN
efficaci,NNP,PROPN
data,NNP,PROPN
covid,NN,NOUN
vaccin,NNP,PROPN
read,NN,NOUN
covid,JJ,ADJ
singl,NNP,PROPN
vaccin,NNP,PROPN
dose,NNP,PROPN
lead,VB,VERB
greater,JJR,ADJ
risk,NN,NOUN
new,JJ,ADJ
coronaviru,NNP,PROPN
variant,JJ,ADJ
south,JJ,ADJ
african,JJ,ADJ
expert,NNP,PROPN
warn,VBP,VERB
skynew,JJ,ADJ
holi,NNP,PROPN
grail,NNP,PROPN
vaccin,NNP,PROPN
research,NN,NOUN
could,MD,AUX
blood,NN,NOUN
test,NN,NOUN
show,VB,VERB
covid,NNP,PROPN
vaccin,NN,NOUN
work,NN,NOUN
search,NN,NOUN
british,NNP,PROPN
medic,NNP,PROPN
journal,NNP,PROPN
editori,NNP,PROPN
covid,NNP,PROPN
vaccin,NNP,PROPN
efficaci,NNP,PROPN
vaccin,VB,VERB
studi,NNP,PROPN
determin,NN,NOUN
whether,IN,SCONJ
interrupt,JJ,ADJ
transmiss,NNP,PROPN
viru,NNP,PROPN
nbaatm,JJ,ADJ
dr,UH,INTJ
leroy,VB,VERB
sim,JJ,ADJ
covid,NN,NOUN
vaccin,VB,VERB
undef,JJ,ADJ
censor,NN,NOUN
doctor,NNP,PROPN
genet,NNP,PROPN
modifi,NNP,PROPN
u,NNP,PROPN
covid,NNP,PROPN
vaccin,NN,NOUN
think,VB,VERB
twice,RB,ADV
get,VB,VERB
covid,JJ,ADJ
vaccin,NN,NOUN
take,VB,VERB
covid,JJ,ADJ
vaccin,NN,NOUN
test,NN,NOUN
subject,NN,NOUN
experiment,NN,NOUN
mrna,NN,NOUN
vaccin,NN,NOUN
test,NN,NOUN
ever,RB,ADV
nice,JJ,ADJ
infograph,NN,NOUN
covid,NN,NOUN
vaccin,NNP,PROPN
compar,NN,NOUN
unbiasedscipod,JJ,ADJ
gener,NNP,PROPN
offer,VBP,VERB
alway,NN,NOUN
tune,NN,NOUN
profsuperjunior,NNP,PROPN
help,VB,VERB
queri,VB,VERB
concern,NN,NOUN
etc,FW,X
peopl,NN,NOUN
may,MD,AUX
covid,VB,VERB
vaccin,VB,VERB
right,JJ,ADJ
contact,NN,NOUN
access,NN,NOUN
right,IN,ADP
inform,NN,NOUN
know,VBP,VERB
find,VB,VERB
alreadi,NN,NOUN
post,NN,NOUN
v,IN,ADP
use,NN,NOUN
inform,NN,NOUN
ty,PRP,PRON
gabriel,NN,NOUN
new,JJ,ADJ
result,NN,NOUN
astrazeneca,NN,NOUN
covid,NN,NOUN
vaccin,NN,NOUN
candid,NN,NOUN
suggest,VB,VERB
safe,JJ,ADJ
effect,NN,NOUN
news,NN,NOUN
week,NN,NOUN
episod,NN,NOUN
covid,JJ,ADJ
myth,NNP,PROPN
bust,NNP,PROPN
mara,NNP,PROPN
aspinal,JJ,ADJ
debunk,JJ,ADJ
sever,NN,NOUN
myth,NN,NOUN
ask,VBP,VERB
listen,VB,VERB
skeptic,JJ,ADJ
around,IN,ADP
new,JJ,ADJ
technolog,NN,NOUN
use,NN,NOUN
vaccin,NN,NOUN
test,NN,NOUN
prefer,VBP,VERB
suscept,VBN,VERB
kid,JJ,ADJ
final,JJ,ADJ
discuss,NN,NOUN
marcorubio,NNP,PROPN
need,VBP,VERB
vaccin,NNP,PROPN
mr,NNP,PROPN
rubio,NNP,PROPN
covid,JJ,ADJ
hoax,RB,ADV
like,UH,INTJ
flu,VB,VERB
it,PRP,PRON
ll,MD,AUX
disappear,VB,VERB
april,NNP,PROPN
k,NNP,PROPN
dead,NNP,PROPN
peopl,NNP,PROPN
die,NN,NOUN
viru,NN,NOUN
tell,VBP,VERB
get,VB,VERB
vaccin,VB,VERB
data,NNS,NOUN
pertain,NN,NOUN
trial,NN,NOUN
made,VBD,VERB
public,JJ,ADJ
expert,NN,NOUN
covid,NN,NOUN
vaccin,NN,NOUN
choic,JJ,ADJ
mythbust,NNP,PROPN
covidvaccin,NNP,PROPN
amyth,NNP,PROPN
vaccin,NNP,PROPN
need,VBP,VERB
covid,JJ,ADJ
recov,NN,NOUN
person,NN,NOUN
afact,VB,VERB
advis,FW,X
receiv,NNP,PROPN
complet,NNP,PROPN
schedul,NNP,PROPN
vaccin,VBD,VERB
despit,NN,NOUN
recoveri,JJ,ADJ
covid,NNP,PROPN
enhanc,NNP,PROPN
immun,NNP,PROPN
respons,NNS,NOUN
wevaccin,NNP,PROPN
unitefightcorona,NNP,PROPN
indiafightscorona,NNP,PROPN
covid,JJ,ADJ
vaccinesatm,JJ,ADJ
trial,NN,NOUN
done,VBN,VERB
long,JJ,ADJ
period,NN,NOUN
enough,RB,ADV
pa,NNP,PROPN
efficaci,NNP,PROPN
safeti,NNP,PROPN
protocol,VBD,VERB
normal,JJ,ADJ
appli,NN,NOUN
vaccin,VBD,VERB
commun,NN,NOUN
leader,NN,NOUN
need,VBP,VERB
provid,NNP,PROPN
accur,NNP,PROPN
inform,VB,VERB
constitu,JJ,ADJ
scientist,NN,NOUN
pleas,NNS,NOUN
help,VBP,VERB
see,VB,VERB
microchip,NN,NOUN
can,MD,AUX
not,RB,PART
put,VB,VERB
use,VB,VERB
covid,JJ,ADJ
vaccin,NN,NOUN
plu,NN,NOUN
need,VB,VERB
bigger,JJR,ADJ
largescal,JJ,ADJ
track,NN,NOUN
extrem,NNP,PROPN
close,NNP,PROPN
rang,NNP,PROPN
someon,NNP,PROPN
track,NN,NOUN
cell,NN,NOUN
phone,NN,NOUN
use,NN,NOUN
spread,VBD,VERB
fals,NNS,NOUN
inform,VBP,VERB
stupidli,NNP,PROPN
easier,JJR,ADJ
vernersview,NN,NOUN
anyon,NN,NOUN
provid,NN,NOUN
number,NN,NOUN
peopl,NN,NOUN
may,MD,AUX
suffer,VB,VERB
seriou,NN,NOUN
side,NN,NOUN
effect,NN,NOUN
perhap,NN,NOUN
death,NN,NOUN
must,MD,AUX
take,VB,VERB
follow,NN,NOUN
number,NN,NOUN
account,NN,NOUN
mani,NNP,PROPN
million,CD,NUM
st,NNP,PROPN
do,VBP,AUX
vaccin,VB,VERB
prove,VB,VERB
safe,JJ,ADJ
vastli,NN,NOUN
safer,JJR,ADJ
covid,JJ,ADJ
cours,NNS,NOUN
cp,NNP,PROPN
implor,NNP,PROPN
everyon,NNP,PROPN
read,VBD,VERB
look,VB,VERB
well,RB,ADV
known,VBN,VERB
safe,JJ,ADJ
altern,NN,NOUN
vaccin,VBD,VERB
call,VB,VERB
ivermectin,NN,NOUN
sever,NN,NOUN
case,NN,NOUN
studi,NNP,PROPN
around,IN,ADP
world,NN,NOUN
shown,VBD,VERB
recoveri,JJ,ADJ
rate,NN,NOUN
ill,NNP,PROPN
covid,NNP,PROPN
ivermectin,NNP,PROPN
also,RB,ADV
work,VBP,VERB
prevent,NN,NOUN
uhuh,UH,INTJ
ontario,NNP,PROPN
govern,NNP,PROPN
say,VBP,VERB
incorrectli,NNP,PROPN
report,NN,NOUN
covid,NN,NOUN
vaccin,NNP,PROPN
data,NN,NOUN
youatmr,NN,NOUN
look,VBP,VERB
thorough,JJ,ADJ
easytounderstand,NNP,PROPN
explan,NNP,PROPN
covid,NNP,PROPN
vaccin,NNP,PROPN
work,NN,NOUN
hint,NN,NOUN
doesnatmt,NNP,PROPN
work,NN,NOUN
way,NN,NOUN
flu,NN,NOUN
vaccin,VBD,VERB
one,CD,NUM
great,JJ,ADJ
contain,NN,NOUN
perfect,JJ,ADJ
amount,NN,NOUN
swear,JJ,ADJ
scientif,NN,NOUN
technolog,NN,NOUN
achiev,NNP,PROPN
nanotechnolog,NNP,PROPN
new,JJ,ADJ
hazard,NN,NOUN
mrna,NNP,PROPN
covid,NNP,PROPN
vaccin,NNP,PROPN
lipid,NNP,PROPN
nanoparticl,NNP,PROPN
atmnanoatm,NNP,PROPN
particl,NNP,PROPN
mani,NNP,PROPN
known,VBN,VERB
harm,NN,NOUN
effect,NN,NOUN
tonight,NN,NOUN
doctor,NN,NOUN
express,NN,NOUN
concern,NN,NOUN
pregnant,JJ,ADJ
woman,NN,NOUN
vaccin,VBD,VERB
covid,JJ,ADJ
debunk,JJ,ADJ
myth,NN,NOUN
vaccin,VB,VERB
infertil,NNP,PROPN
moderna,NNP,PROPN
reveal,VBP,VERB
final,JJ,ADJ
result,NN,NOUN
covid,NN,NOUN
vaccin,NNS,NOUN
coronavaccin,NNP,PROPN
govt,NNP,PROPN
want,VBP,VERB
peopl,NN,NOUN
trust,NNP,PROPN
vaccin,NNP,PROPN
efficaci,NNP,PROPN
shekhargupta,NNS,NOUN
jhasanjay,NNP,PROPN
hundr,NNP,PROPN
die,VBP,VERB
covid,JJ,ADJ
infect,NNP,PROPN
includ,NNP,PROPN
gujarat,NNP,PROPN
talli,NNP,PROPN
report,NNP,PROPN
question,NN,NOUN
covid,JJ,ADJ
vaccin,NN,NOUN
hear,VB,VERB
medic,NN,NOUN
expert,NN,NOUN
commun,NN,NOUN
leader,NN,NOUN
public,JJ,ADJ
health,NN,NOUN
profession,NN,NOUN
ohioatm,JJ,ADJ
covid,NN,NOUN
vaccin,NNP,PROPN
town,NN,NOUN
hall,NNP,PROPN
caresourceemploye,NN,NOUN
hello,UH,INTJ
amalia,UH,INTJ
valid,JJ,ADJ
point,NN,NOUN
sudden,JJ,ADJ
switch,NN,NOUN
prioritis,NN,NOUN
inocul,NNP,PROPN
vaccin,VB,VERB
data,NNS,NOUN
stop,VB,VERB
asymptomat,NN,NOUN
spread,VBN,VERB
viru,NN,NOUN
extent,NN,NOUN
prevent,VBP,VERB
peopl,NN,NOUN
develop,VB,VERB
sever,JJ,ADJ
covid,JJ,ADJ
hq,NN,NOUN
biontech,NNP,PROPN
mainz,NNP,PROPN
germani,NNP,PROPN
diana,NNP,PROPN
stop,VB,VERB
wear,VB,VERB
mask,NN,NOUN
get,VB,VERB
covid,JJ,ADJ
vaccin,NN,NOUN
answer,NN,NOUN
babi,NNP,PROPN
vaccin,VBD,VERB
new,JJ,ADJ
studi,NNP,PROPN
suggest,VB,VERB
pfizer,NN,NOUN
covid,NN,NOUN
vaccin,NN,NOUN
work,NN,NOUN
mom,NN,NOUN
risk,NN,NOUN
v,NNP,PROPN
benefit,NN,NOUN
know,VBP,VERB
covid,JJ,ADJ
vaccin,NN,NOUN
side,NN,NOUN
effect,NN,NOUN
nqosi,NNS,NOUN
posit,NN,NOUN
vaccin,NNP,PROPN
expect,VB,VERB
viru,NNP,PROPN
caus,NNP,PROPN
covid,NNP,PROPN
first,RB,ADV
attenu,NNP,PROPN
weaken,VBN,VERB
point,NN,NOUN
caus,NNP,PROPN
diseas,NNP,PROPN
activ,NNP,PROPN
antibodi,RB,ADV
introduc,JJ,ADJ
antigen,NNP,PROPN
sometim,NNP,PROPN
immun,NNP,PROPN
diseas,NNP,PROPN
develop,VBP,VERB
greatpmkgmailcom,RBR,ADV
dr,NNP,PROPN
kevin,NNP,PROPN
covid,NNP,PROPN
vaccin,VBD,VERB
anoth,NNP,PROPN
strain,NNP,PROPN
coronaviru,NNP,PROPN
influenza,NN,NOUN
cjsienna,NNP,PROPN
lynnbrittney,NNP,PROPN
trusttruth,NNP,PROPN
lindsaypuppyd,NNP,PROPN
covid,NNP,PROPN
singl,NNP,PROPN
vaccin,NNP,PROPN
dose,NNP,PROPN
lead,VB,VERB
greater,JJR,ADJ
risk,NN,NOUN
new,JJ,ADJ
coronaviru,NNP,PROPN
variant,JJ,ADJ
south,JJ,ADJ
african,JJ,ADJ
expert,NN,NOUN
warn,VBP,VERB
variant,JJ,ADJ
thought,VBN,VERB
respons,NNS,NOUN
infect,VBP,VERB
south,NNP,PROPN
africa,NNP,PROPN
alreadi,NN,NOUN
found,VBD,VERB
uk,NNP,PROPN
death,NN,NOUN
associ,NNP,PROPN
new,JJ,ADJ
covid,NNP,PROPN
vaccin,VBD,VERB
misinform,JJ,ADJ
time,NN,NOUN
honesti,NNP,PROPN
pharmaceut,VBZ,VERB
medic,NN,NOUN
establishmenthttpstcobjyveha,NNS,NOUN
davek,NNP,PROPN
mention,NNP,PROPN
earlier,JJR,ADJ
tweet,NN,NOUN
learn,VB,VERB
covid,JJ,ADJ
vaccin,NNP,PROPN
adapt,VB,VERB
evolv,JJ,ADJ
franc,NN,NOUN
st,FW,X
countri,NNP,PROPN
give,NN,NOUN
do,VB,AUX
vaccin,VB,VERB
person,NN,NOUN
alreadi,NN,NOUN
covid,NN,NOUN
one,CD,NUM
inject,NN,NOUN
booster,NN,NOUN
az,NNP,PROPN
scheint,VBP,VERB
gut,NNP,PROPN
zu,NNP,PROPN
wirken,VBN,VERB
afirst,NN,NOUN
dose,NN,NOUN
bntb,NN,NOUN
vaccin,NNP,PROPN
associ,NNP,PROPN
vaccin,VBD,VERB
effect,NN,NOUN
covid,NNP,PROPN
relat,NNP,PROPN
hospitalis,NNP,PROPN
day,NNP,PROPN
postvaccin,NNP,PROPN
vaccin,VB,VERB
effect,NN,NOUN
time,NN,NOUN
interv,NNP,PROPN
chadox,NNP,PROPN
vaccin,NNP,PROPN
y,NNP,PROPN
polli,NNP,PROPN
amarach,NNP,PROPN
research,NNP,PROPN
q,NN,NOUN
concern,NN,NOUN
get,VBP,VERB
covid,JJ,ADJ
vaccin,NN,NOUN
ye,JJ,ADJ
femal,JJ,ADJ
male,NN,NOUN
th,FW,X
januari,NNP,PROPN
th,FW,X
novemb,NN,NOUN
get,VB,AUX
vaccin,VB,VERB
danger,NN,NOUN
unless,IN,SCONJ
sever,NNP,PROPN
allergi,NNP,PROPN
do,VBP,AUX
nt,RB,PART
dingu,NNP,PROPN
wear,VB,VERB
mask,NN,NOUN
get,VB,AUX
vaccin,NNP,PROPN
asap,NNP,PROPN
high,JJ,ADJ
percentag,NN,NOUN
frontlin,NNP,PROPN
worker,NN,NOUN
refus,NNS,NOUN
take,VBP,VERB
covid,JJ,ADJ
vaccin,NNP,PROPN
mani,NNP,PROPN
cite,VB,VERB
polit,JJ,ADJ
reason,NN,NOUN
via,IN,ADP
googlenew,NNP,PROPN
pfizer,NN,NOUN
test,NN,NOUN
booster,NN,NOUN
shot,VBD,VERB
develop,VB,VERB
adapt,JJ,ADJ
vaccin,NN,NOUN
address,NN,NOUN
variant,JJ,ADJ
concern,NN,NOUN
covid,JJ,ADJ
coronaviru,NN,NOUN
join,VB,VERB
u,NNP,PROPN
inform,NN,NOUN
session,NN,NOUN
dr,NNP,PROPN
kubi,RB,ADV
covid,NNP,PROPN
vaccin,VBD,VERB
safe,JJ,ADJ
effect,NN,NOUN
detail,NN,NOUN
follow,NN,NOUN
kubimed,NNP,PROPN
kubiweightloss,NNP,PROPN
weightlossjourney,NN,NOUN
johnwcurti,NNP,PROPN
wonder,VBP,VERB
mutat,JJ,ADJ
permit,NN,NOUN
vaccin,VBZ,VERB
facilit,JJ,ADJ
herdimmun,NN,NOUN
time,NN,NOUN
enough,JJ,ADJ
peopl,NN,NOUN
immunis,NNP,PROPN
andor,NNP,PROPN
caught,VBD,VERB
covid,JJ,ADJ
surviv,NNP,PROPN
herdimmun,NNP,PROPN
polici,NNP,PROPN
posit,NN,NOUN
last,JJ,ADJ
year,NN,NOUN
without,IN,ADP
vaccineext,NNP,PROPN
societ,NNP,PROPN
immun,NNP,PROPN
danger,NNP,PROPN
nonsens,NNS,NOUN
novavax,NNP,PROPN
covid,NNP,PROPN
vaccin,NNP,PROPN
demonstr,NNP,PROPN
efficaci,NNP,PROPN
ina,NNP,PROPN
uk,NNP,PROPN
phase,NN,NOUN
trial,NN,NOUN
novavax,NNP,PROPN
inc,NNP,PROPN
ir,NNP,PROPN
site,NN,NOUN
acityofresearcha,RB,ADV
led,VBN,VERB
way,NN,NOUN
absolut,NNP,PROPN
delight,NNP,PROPN
news,NNP,PROPN
adocjohnwrighta,NNS,NOUN
involv,VBD,VERB
govern,NN,NOUN
agenc,NNP,PROPN
commun,NNP,PROPN
join,VB,VERB
u,NNP,PROPN
commun,NNP,PROPN
coffe,NNP,PROPN
chat,XX,X
fri,JJ,ADJ
dec,NNP,PROPN
theme,NN,NOUN
covid,NN,NOUN
vaccin,NNP,PROPN
insight,NN,NOUN
challeng,NN,NOUN
best,RBS,ADV
practic,JJ,ADJ
dm,NNP,PROPN
addl,NNP,PROPN
info,NN,NOUN
agencywork,NNP,PROPN
govit,NNP,PROPN
communitybuild,NNP,PROPN
eventsprof,NNP,PROPN
govmil,NNP,PROPN
email,NN,NOUN
address,NN,NOUN
reqd,NN,NOUN
citynew,VB,VERB
unaccept,JJ,ADJ
understand,NN,NOUN
need,VBP,VERB
certain,JJ,ADJ
vaccin,VB,VERB
rush,NN,NOUN
thoroughli,NN,NOUN
test,NN,NOUN
version,NN,NOUN
forc,NNP,PROPN
anyon,NN,NOUN
threat,NN,NOUN
repercuss,NN,NOUN
know,VBP,VERB
side,NN,NOUN
effect,NN,NOUN
vaccin,NN,NOUN
could,MD,AUX
bad,JJ,ADJ
wors,NNS,NOUN
covid,VB,VERB
covid,NNP,PROPN
vaccin,VBD,VERB
fake,JJ,ADJ
donatmt,NNS,NOUN
take,VB,VERB
vaccin,VB,VERB
common,JJ,ADJ
cold,JJ,ADJ
research,NN,NOUN
decad,NNP,PROPN
vaccin,VBD,VERB
vaccin,NNP,PROPN
flu,NN,NOUN
reserch,NN,NOUN
decad,NNP,PROPN
never,RB,ADV
sure,RB,ADV
flu,VB,VERB
vacc,JJ,ADJ
appli,NN,NOUN
vaccin,VBD,VERB
covid,JJ,ADJ
research,NN,NOUN
test,NN,NOUN
readi,NN,NOUN
rolloutwithin,JJ,ADJ
month,NN,NOUN
differ,VB,VERB
efficaci,NNP,PROPN
data,NNP,PROPN
chines,NNS,NOUN
covid,NNP,PROPN
vaccin,VB,VERB
real,JJ,ADJ
validmedia,NNP,PROPN
yahoo,NNP,PROPN
news,NNP,PROPN
decemb,NNP,PROPN
unit,NN,NOUN
state,NN,NOUN
seen,VBD,VERB
six,CD,NUM
case,NN,NOUN
anaphylaxi,JJ,ADJ
among,IN,ADP
peopl,NNP,PROPN
receiv,NN,NOUN
covid,NNP,PROPN
vaccin,NNP,PROPN
accord,NN,NOUN
recent,JJ,ADJ
present,JJ,ADJ
thoma,NN,NOUN
clark,NNP,PROPN
u,NNP,PROPN
center,NN,NOUN
diseas,NNS,NOUN
control,NN,NOUN
prevent,VBP,VERB
cdc,NNP,PROPN
unit,NN,NOUN
kingdom,NN,NOUN
record,NN,NOUN
two,CD,NUM
top,JJ,ADJ
epidemiologist,NN,NOUN
urg,NNP,PROPN
singl,NNP,PROPN
do,VBP,AUX
covid,JJ,ADJ
vaccin,NNP,PROPN
foxnew,JJ,ADJ
brazilian,JJ,ADJ
health,NNP,PROPN
regul,NNP,PROPN
anvisa,NNP,PROPN
said,VBD,VERB
chines,NNP,PROPN
health,NNP,PROPN
author,NN,NOUN
transpar,NN,NOUN
experiment,NN,NOUN
covid,NN,NOUN
vaccin,NN,NOUN
covid,NNP,PROPN
vaccin,NNP,PROPN
commun,NNP,PROPN
handbook,NN,NOUN
aim,NN,NOUN
fight,NN,NOUN
misinform,NN,NOUN
demonstr,NN,NOUN
vaccin,VBD,VERB
safe,JJ,ADJ
effect,NN,NOUN
put,VBD,VERB
togeth,JJ,ADJ
renown,JJ,ADJ
team,NN,NOUN
scientif,NNP,PROPN
expert,NN,NOUN
rang,NNP,PROPN
disciplin,NNP,PROPN
here,RB,ADV
thread,NN,NOUN
may,MD,AUX
interest,VB,VERB
cddftnh,NNP,PROPN
colleagu,NNP,PROPN
johnson,NNP,PROPN
johnsonatm,NNP,PROPN
oneshot,NNP,PROPN
covid,NNP,PROPN
vaccin,NNP,PROPN
show,NN,NOUN
promis,NNP,PROPN
earlystag,NNP,PROPN
trial,NN,NOUN
mohfwindia,NNP,PROPN
pmoindia,NNP,PROPN
drharshvardhan,IN,ADP
ashwinikchoubey,VBP,VERB
pibindia,NNP,PROPN
mygovindia,NNP,PROPN
covidnewsbymib,NNP,PROPN
covidindiaseva,NNP,PROPN
everyon,NNP,PROPN
take,VBP,VERB
covid,JJ,ADJ
vaccin,NN,NOUN
protect,VB,VERB
covid,JJ,ADJ
end,NNP,PROPN
coronaviru,NNP,PROPN
pandem,NNP,PROPN
medstar,NNP,PROPN
health,NNP,PROPN
launch,NNP,PROPN
studi,NNP,PROPN
understand,VB,VERB
covid,NNP,PROPN
spread,VBD,VERB
symptom,NN,NOUN
vaccin,NN,NOUN
adopt,VB,VERB
covid,NNP,PROPN
vaccin,NNP,PROPN
whatatm,NN,NOUN
evid,NNP,PROPN
extend,NNP,PROPN
dose,NNP,PROPN
interv,NNP,PROPN
bmj,NNP,PROPN
grate,NNP,PROPN
interpret,NNP,PROPN
read,VBN,VERB
oxford,NNP,PROPN
vaccin,VBD,VERB
better,JJR,ADJ
efficaci,NNP,PROPN
dose,NNP,PROPN
wk,NNP,PROPN
pfizer,NN,NOUN
dose,NN,NOUN
must,MD,AUX
le,FW,X
week,NN,NOUN
correct,JJ,ADJ
yjiden,NNP,PROPN
michaelbarden,NNP,PROPN
covid,JJ,ADJ
total,JJ,ADJ
scam,NN,NOUN
fool,NN,NOUN
believ,NNP,PROPN
whatev,NNP,PROPN
govt,NN,NOUN
msm,NN,NOUN
tell,VBP,VERB
obvious,JJ,ADJ
fake,JJ,ADJ
plandem,NN,NOUN
mask,NN,NOUN
work,NN,NOUN
there,RB,ADV
thing,NN,NOUN
asymptomat,NN,NOUN
transmiss,NN,NOUN
viru,NNP,PROPN
delud,NN,NOUN
myth,NN,NOUN
vaccin,VBZ,VERB
harm,NN,NOUN
u,NN,NOUN
woman,NN,NOUN
experi,JJ,ADJ
side,NN,NOUN
effect,NN,NOUN
covid,NN,NOUN
vaccin,VBD,VERB
covid,JJ,ADJ
vaccin,VB,VERB
side,NN,NOUN
effect,NN,NOUN
common,JJ,ADJ
nd,NN,NOUN
dose,VB,VERB
novavax,NNP,PROPN
say,VBP,VERB
covid,NNP,PROPN
vaccin,NNP,PROPN
effect,NN,NOUN
far,RB,ADV
le,UH,INTJ
one,CD,NUM
variant,NN,NOUN
via,IN,ADP
statnew,NNP,PROPN
pharma,NNP,PROPN
covid,NNP,PROPN
coronaviru,NNP,PROPN
vaccin,NNP,PROPN
nvax,NNP,PROPN
wisconsin,NNP,PROPN
pharmacist,NNP,PROPN
accus,NNP,PROPN
tri,NNP,PROPN
destroy,VB,VERB
covid,JJ,ADJ
vaccin,NNP,PROPN
admit,NNP,PROPN
conspiraci,NNP,PROPN
theorist,NN,NOUN
told,VBD,VERB
investig,NNP,PROPN
believ,NNP,PROPN
covid,NNP,PROPN
vaccin,VBD,VERB
safe,JJ,ADJ
peopl,NN,NOUN
could,MD,AUX
harm,VB,VERB
chang,NNP,PROPN
dnaa,NNP,PROPN
northern,JJ,ADJ
light,JJ,ADJ
covid,NN,NOUN
vaccin,NNS,NOUN
dad,NNP,PROPN
demand,NN,NOUN
answer,VBP,VERB
health,NN,NOUN
worker,NN,NOUN
daughter,NN,NOUN
die,VBP,VERB
two,CD,NUM
day,NN,NOUN
covid,NN,NOUN
vaccin,NN,NOUN
bell,NNP,PROPN
palsi,NNP,PROPN
convent,NNP,PROPN
medicin,NNP,PROPN
say,VBP,VERB
caus,NNP,PROPN
unknown,NNP,PROPN
go,VB,VERB
away,RB,ADV
time,NN,NOUN
there,EX,PRON
grow,VBP,VERB
evid,NNP,PROPN
caus,NNP,PROPN
vaccin,NNP,PROPN
especi,NNP,PROPN
flu,VB,VERB
covid,NNP,PROPN
pharmaceut,NNS,NOUN
industri,NNP,PROPN
seem,VBP,VERB
interest,NN,NOUN
investig,NN,NOUN
wonder,NN,NOUN
bellspalsi,NN,NOUN
heathdonsmcgreg,NNP,PROPN
mfwitch,VB,VERB
itatm,JJ,ADJ
good,JJ,ADJ
skeptic,JJ,ADJ
point,NN,NOUN
claim,NN,NOUN
two,CD,NUM
vaccin,NN,NOUN
hold,VB,VERB
fda,NNP,PROPN
approv,NN,NOUN
good,JJ,ADJ
enough,RB,ADV
chanc,VBZ,VERB
possibl,JJ,ADJ
side,NN,NOUN
effect,NN,NOUN
show,VBP,VERB
road,NN,NOUN
v,FW,X
chanc,NN,NOUN
covid,JJ,ADJ
right,JJ,ADJ
balanc,NN,NOUN
ymmv,NN,NOUN
uwu,NNP,PROPN
weseawchew,NNP,PROPN
uwg,NNP,PROPN
govewn,VBN,VERB
deway,NN,NOUN
administew,JJ,ADJ
da,NNP,PROPN
second,NNP,PROPN
dose,NNP,PROPN
pfizew,NNP,PROPN
inc,NNP,PROPN
covid,NNP,PROPN
vaccin,NNP,PROPN
said,VBD,VERB
efficaci,NNP,PROPN
aftew,NNP,PROPN
da,NNP,PROPN
fiwst,NN,NOUN
dose,NN,NOUN
wear,VB,VERB
mask,NN,NOUN
keep,VB,VERB
social,JJ,ADJ
distanc,NNS,NOUN
wash,VBP,VERB
hand,NN,NOUN
best,JJS,ADJ
covid,NN,NOUN
vaccin,NNP,PROPN
covidinsa,NN,NOUN
say,VB,VERB
vaccin,NN,NOUN
use,VB,VERB
live,JJ,ADJ
viru,NN,NOUN
can,MD,AUX
not,RB,PART
give,VB,VERB
someon,NN,NOUN
covid,NN,NOUN
rrrbyn,NNP,PROPN
covid,NN,NOUN
vaccin,NN,NOUN
use,VB,VERB
one,CD,NUM
two,CD,NUM
human,JJ,ADJ
fetal,JJ,ADJ
cell,NN,NOUN
line,NN,NOUN
hek,NNP,PROPN
kidney,NNP,PROPN
cell,NN,NOUN
line,NN,NOUN
wide,JJ,ADJ
use,NN,NOUN
research,NN,NOUN
industri,JJ,ADJ
come,NNP,PROPN
fetu,NN,NOUN
abort,NNP,PROPN
perc,NN,NOUN
proprietari,JJ,ADJ
cell,NN,NOUN
line,NN,NOUN
own,JJ,ADJ
johnson,NNP,PROPN
johnson,NNP,PROPN
develop,VB,VERB
fetu,NN,NOUN
abort,JJ,ADJ
new,JJ,ADJ
cwmh,NN,NOUN
blog,NN,NOUN
pregnant,JJ,ADJ
woman,NN,NOUN
covid,NN,NOUN
vaccin,NNS,NOUN
question,NN,NOUN
remain,VBP,VERB
around,IN,ADP
strategi,NN,NOUN
curb,NN,NOUN
continu,NN,NOUN
spread,VBD,VERB
covid,NNP,PROPN
join,NN,NOUN
u,NNP,PROPN
webinar,NN,NOUN
tomorrow,NN,NOUN
noon,NN,NOUN
expert,NN,NOUN
answer,NN,NOUN
question,NN,NOUN
vaccin,NN,NOUN
treatment,NN,NOUN
prevent,NN,NOUN
expect,VBP,VERB
go,VB,VERB
forward,RB,ADV
regist,VB,VERB
amoderna,NNP,PROPN
expect,VBP,VERB
covid,JJ,ADJ
vaccin,NNP,PROPN
protect,VB,VERB
uk,NNP,PROPN
coronaviru,NNP,PROPN
variant,JJ,ADJ
reutersa,NNP,PROPN
question,NN,NOUN
work,NN,NOUN
get,VBP,VERB
covid,JJ,ADJ
vaccin,NN,NOUN
question,NN,NOUN
answer,NN,NOUN
concern,NN,NOUN
vaccin,NNS,NOUN
let,VB,VERB
u,PRP,PRON
know,VB,VERB
covid,JJ,ADJ
stori,NN,NOUN
found,VBD,VERB
first,RB,ADV
shot,VBD,VERB
florida,NNP,PROPN
teen,NNP,PROPN
start,VBP,VERB
covid,JJ,ADJ
vaccin,VB,VERB
trial,NN,NOUN
journey,NN,NOUN
dr,NNP,PROPN
anthoni,NNP,PROPN
fauci,VBD,VERB
top,NNP,PROPN
infecti,NNP,PROPN
diseas,NNP,PROPN
specialist,JJ,ADJ
unit,NN,NOUN
state,NN,NOUN
say,VBP,VERB
pfizerbiontech,NNP,PROPN
moderna,NN,NOUN
vaccin,NNP,PROPN
effect,NN,NOUN
could,MD,AUX
crush,VB,VERB
covid,JJ,ADJ
pandem,NNP,PROPN
spoke,VBD,VERB
white,NNP,PROPN
coat,NNP,PROPN
black,JJ,ADJ
art,NN,NOUN
host,NN,NOUN
dr,NNP,PROPN
brian,NNP,PROPN
goldman,NNP,PROPN
covid,JJ,ADJ
vaccin,NN,NOUN
bring,VB,VERB
infect,JJ,ADJ
show,NNP,PROPN
israela,NNP,PROPN
studi,NNP,PROPN
californiaatm,NNP,PROPN
state,NNP,PROPN
epidemiologist,NNP,PROPN
urg,NNP,PROPN
covid,NNP,PROPN
vaccin,NNP,PROPN
provid,NNP,PROPN
paus,NNP,PROPN
distribut,NNP,PROPN
one,CD,NUM
moderna,NN,NOUN
vaccin,NN,NOUN
lot,NN,NOUN
investig,NN,NOUN
ahigh,NN,NOUN
usuala,NN,NOUN
number,NN,NOUN
allerg,NN,NOUN
reaction,NN,NOUN
interessant,JJ,ADJ
video,NN,NOUN
ban,NNP,PROPN
youtub,NNP,PROPN
dr,NNP,PROPN
simon,NNP,PROPN
gold,NNP,PROPN
share,NN,NOUN
truth,NN,NOUN
covid,NN,NOUN
vaccin,NNS,NOUN
must,MD,AUX
view,VB,VERB
principl,NN,NOUN
vaccin,VB,VERB
program,NN,NOUN
control,NN,NOUN
covid,JJ,ADJ
via,IN,ADP
youtub,NN,NOUN
covid,JJ,ADJ
vaccin,VB,VERB
protect,NN,NOUN
viru,NN,NOUN
outweigh,NNP,PROPN
potenti,NNP,PROPN
allergi,NNP,PROPN
risk,NNP,PROPN
expert,NN,NOUN
say,VBP,VERB
cbc,NNS,NOUN
spent,VBD,VERB
time,NN,NOUN
today,NN,NOUN
look,VB,VERB
whether,IN,SCONJ
covid,JJ,ADJ
vaccin,NN,NOUN
do,VBP,AUX
go,VB,VERB
wast,JJ,ADJ
peopl,NN,NOUN
can,MD,AUX
not,RB,PART
attend,VB,VERB
appoint,JJ,ADJ
etc,FW,X
healthcar,NN,NOUN
staff,NN,NOUN
spoken,VBN,VERB
say,VBP,VERB
problem,NN,NOUN
offer,NN,NOUN
do,VB,VERB
other,JJ,ADJ
short,JJ,ADJ
notic,NN,NOUN
covid,JJ,ADJ
vaccin,NN,NOUN
like,IN,ADP
benefici,NNP,PROPN
breastf,NN,NOUN
babi,NNS,NOUN
question,NN,NOUN
remain,VBP,VERB
via,IN,ADP
kpbsnew,NN,NOUN
alright,UH,INTJ
guy,NN,NOUN
want,VB,VERB
make,VB,VERB
trip,NN,NOUN
pact,NN,NOUN
cuz,IN,SCONJ
iatmm,JJ,ADJ
summer,NN,NOUN
covid,NN,NOUN
vaccin,VBD,VERB
safe,JJ,ADJ
peopl,NN,NOUN
arenatmt,NNS,NOUN
suffer,VBP,VERB
bell,NNP,PROPN
palsi,NNP,PROPN
side,NN,NOUN
effect,NN,NOUN
